{"control_nodes": [[-4.592425496802574e-15, -25.0, -28.0, 8.0], [0.0, 0.0, -28.0, 8.0], [0.43631016093208996, 24.996192378909782, -28.0, 8.0], [0.8726203218641799, 49.992384757819565, -28.0, 8.0], [5.21382476353744, 74.61257858312476, -28.0, 8.0], [2.167091178408756, 99.4262323741578, -28.0, 8.0], [-20.671545262656263, 109.59464845105282, -28.0, 8.0], [-32.021307756144935, 131.86981155576203, -28.0, 8.0], [-41.789585968376784, 154.88243289207304, -28.0, 8.0], [-65.12909663080683, 163.84163163070554, -28.0, 8.0], [-90.06819788730243, 165.58554347430868, -28.0, 8.0], [-114.97306533959608, 167.76443704300013, -28.0, 8.0]], "sample_nodes": [[0.0, 0.0, -28.0, 8.0], [0.012658656076029565, 1.3156790032662282, -28.0, 8.0], [0.02754370894935066, 2.6313385770619515, -28.0, 8.0], [0.044464324608766974, 3.9469803867703668, -28.0, 8.0], [0.06322966904308198, 5.262606097774648, -28.0, 8.0], [0.08364890824109937, 6.578217375457992, -28.0, 8.0], [0.10553120819162266, 7.893815885203578, -28.0, 8.0], [0.12868573488345536, 9.20940329239459, -28.0, 8.0], [0.15292165430540106, 10.524981262414212, -28.0, 8.0], [0.17804813244626355, 11.840551460645646, -28.0, 8.0], [0.20387433529484628, 13.156115552472063, -28.0, 8.0], [0.2302094288399526, 14.471675203276643, -28.0, 8.0], [0.2568625790703865, 15.78723207844259, -28.0, 8.0], [0.28364295197495115, 17.10278784335307, -28.0, 8.0], [0.31035971354245045, 18.418344163391282, -28.0, 8.0], [0.33682202976168785, 19.733902703940412, -28.0, 8.0], [0.36283906662146675, 21.049465130383634, -28.0, 8.0], [0.38821999011059116, 22.36503310810415, -28.0, 8.0], [0.41277396621786433, 23.68060830248514, -28.0, 8.0], [0.43631016093208996, 24.996192378909782, -28.0, 8.0], [0.45415006756130916, 26.312274815966045, -28.0, 8.0], [0.46288102121023084, 27.629234345434842, -28.0, 8.0], [0.4642109505626614, 28.94690651248885, -28.0, 8.0], [0.4598477843024058, 30.26512686230069, -28.0, 8.0], [0.4514994511132705, 31.583730940043033, -28.0, 8.0], [0.4408738796790607, 32.9025542908885, -28.0, 8.0], [0.4296789986835825, 34.221432460009765, -28.0, 8.0], [0.4196227368106414, 35.54020099257944, -28.0, 8.0], [0.41241302274404307, 36.85869543377022, -28.0, 8.0], [0.4097577851675934, 38.17675132875472, -28.0, 8.0], [0.4133649527650981, 39.49420422270558, -28.0, 8.0], [0.42494245422036286, 40.81088966079547, -28.0, 8.0], [0.4461982182171934, 42.12664318819701, -28.0, 8.0], [0.47884017343939556, 43.441300350082884, -28.0, 8.0], [0.524576248570775, 44.75469669162571, -28.0, 8.0], [0.5851143722951371, 46.06666775799813, -28.0, 8.0], [0.6621624732962884, 47.37704909437283, -28.0, 8.0], [0.757428480258034, 48.68567624592242, -28.0, 8.0], [0.8726203218641799, 49.992384757819565, -28.0, 8.0], [1.0185706604274103, 51.296811146058026, -28.0, 8.0], [1.201680688195301, 52.598867610280166, -28.0, 8.0], [1.4170111287539995, 53.8988032211316, -28.0, 8.0], [1.6596227056896489, 55.196867049257875, -28.0, 8.0], [1.9245761425883967, 56.49330816530458, -28.0, 8.0], [2.2069321630363867, 57.78837563991729, -28.0, 8.0], [2.501751490619764, 59.08231854374155, -28.0, 8.0], [2.8040948489246738, 60.375385947422984, -28.0, 8.0], [3.109022961537264, 61.66782692160713, -28.0, 8.0], [3.4115965520436777, 62.95989053693957, -28.0, 8.0], [3.706876344030058, 64.25182586406588, -28.0, 8.0], [3.9899230610825565, 65.54388197363164, -28.0, 8.0], [4.255797426787311, 66.83630793628242, -28.0, 8.0], [4.499560164730473, 68.12935282266379, -28.0, 8.0], [4.716271998498185, 69.42326570342135, -28.0, 8.0], [4.900993651676591, 70.71829564920063, -28.0, 8.0], [5.048785847851839, 72.01469173064726, -28.0, 8.0], [5.154709310610074, 73.31270301840678, -28.0, 8.0], [5.21382476353744, 74.61257858312476, -28.0, 8.0], [5.253932980743139, 75.93320777740124, -28.0, 8.0], [5.302510743765561, 77.28898712508585, -28.0, 8.0], [5.354132787334641, 78.67342645369878, -28.0, 8.0], [5.403373846180306, 80.08003559076009, -28.0, 8.0], [5.44480865503249, 81.50232436378991, -28.0, 8.0], [5.473011948621121, 82.93380260030831, -28.0, 8.0], [5.482558461676131, 84.3679801278354, -28.0, 8.0], [5.468022928927453, 85.7983667738913, -28.0, 8.0], [5.423980085105016, 87.21847236599613, -28.0, 8.0], [5.3450046649387515, 88.62180673166999, -28.0, 8.0], [5.22567140315859, 90.00187969843294, -28.0, 8.0], [5.060555034494463, 91.35220109380512, -28.0, 8.0], [4.844230293676304, 92.6662807453067, -28.0, 8.0], [4.571271915434041, 93.93762848045766, -28.0, 8.0], [4.2362546344976035, 95.15975412677818, -28.0, 8.0], [3.833753185596928, 96.32616751178836, -28.0, 8.0], [3.3583423034619404, 97.43037846300825, -28.0, 8.0], [2.8045967228225717, 98.46589680795806, -28.0, 8.0], [2.1670911784087563, 99.42623237415782, -28.0, 8.0], [1.4174397192906656, 100.29142642433993, -28.0, 8.0], [0.5399943276577811, 101.05364755245759, -28.0, 8.0], [-0.45156336208101905, 101.72459658286223, -28.0, 8.0], [-1.543551715516844, 102.31597433990513, -28.0, 8.0], [-2.722289098240817, 102.83948164793759, -28.0, 8.0], [-3.9740938758440496, 103.30681933131105, -28.0, 8.0], [-5.285284413917652, 103.72968821437676, -28.0, 8.0], [-6.642179078052745, 104.11978912148612, -28.0, 8.0], [-8.03109623384045, 104.4888228769905, -28.0, 8.0], [-9.438354246871878, 104.84849030524114, -28.0, 8.0], [-10.850271482738137, 105.21049223058945, -28.0, 8.0], [-12.25316630703036, 105.58652947738676, -28.0, 8.0], [-13.633357085339638, 105.98830286998442, -28.0, 8.0], [-14.977162183257104, 106.42751323273377, -28.0, 8.0], [-16.270899966373875, 106.91586138998615, -28.0, 8.0], [-17.500888800281054, 107.46504816609288, -28.0, 8.0], [-18.653447050569774, 108.08677438540539, -28.0, 8.0], [-19.71489308283114, 108.7927408722749, -28.0, 8.0], [-20.671545262656263, 109.59464845105282, -28.0, 8.0], [-21.54232747554271, 110.48011334946511, -28.0, 8.0], [-22.358173569510193, 111.42563610095618, -28.0, 8.0], [-23.123416853933133, 112.42624398845537, -28.0, 8.0], [-23.8423906381859, 113.47696429489179, -28.0, 8.0], [-24.519428231642912, 114.57282430319465, -28.0, 8.0], [-25.158862943678535, 115.70885129629318, -28.0, 8.0], [-25.765028083667175, 116.8800725571165, -28.0, 8.0], [-26.342256960983224, 118.08151536859391, -28.0, 8.0], [-26.894882885001078, 119.30820701365454, -28.0, 8.0], [-27.42723916509512, 120.5551747752276, -28.0, 8.0], [-27.943659110639743, 121.81744593624227, -28.0, 8.0], [-28.448476031009353, 123.09004777962778, -28.0, 8.0], [-28.946023235578323, 124.3680075883133, -28.0, 8.0], [-29.440634033721064, 125.64635264522806, -28.0, 8.0], [-29.936641734811953, 126.92011023330122, -28.0, 8.0], [-30.43837964822539, 128.184307635462, -28.0, 8.0], [-30.95018108333578, 129.43397213463962, -28.0, 8.0], [-31.476379349517494, 130.66413101376324, -28.0, 8.0], [-32.021307756144935, 131.86981155576203, -28.0, 8.0], [-32.554972692160035, 133.08202454195066, -28.0, 8.0], [-33.048910019333135, 134.3307830595096, -28.0, 8.0], [-33.509747256281315, 135.60961785016684, -28.0, 8.0], [-33.94411192162161, 136.9120596556503, -28.0, 8.0], [-34.3586315339711, 138.23163921768798, -28.0, 8.0], [-34.75993361194681, 139.56188727800793, -28.0, 8.0], [-35.1546456741658, 140.89633457833793, -28.0, 8.0], [-35.549395239245115, 142.22851186040612, -28.0, 8.0], [-35.95080982580183, 143.55194986594043, -28.0, 8.0], [-36.365516952452964, 144.8601793366688, -28.0, 8.0], [-36.80014413781561, 146.1467310143192, -28.0, 8.0], [-37.261318900506794, 147.40513564061965, -28.0, 8.0], [-37.755668759143575, 148.62892395729807, -28.0, 8.0], [-38.289821232343016, 149.8116267060825, -28.0, 8.0], [-38.870403838722154, 150.94677462870084, -28.0, 8.0], [-39.50404409689804, 152.0278984668811, -28.0, 8.0], [-40.19736952548775, 153.04852896235124, -28.0, 8.0], [-40.95700764310832, 154.00219685683928, -28.0, 8.0], [-41.789585968376784, 154.88243289207304, -28.0, 8.0], [-42.69534881673056, 155.69535938099642, -28.0, 8.0], [-43.66663137440813, 156.45340539162873, -28.0, 8.0], [-44.6981974662282, 157.15956179831147, -28.0, 8.0], [-45.78481091700952, 