{"control_nodes": [[-4.592425496802574e-15, -25.0, -28.0, 8.0], [0.0, 0.0, -28.0, 8.0], [0.43631016093208996, 24.996192378909782, -28.0, 8.0], [0.8726203218641799, 49.992384757819565, -28.0, 8.0], [-20.32858208204647, 63.240366363649684, -28.0, 8.0], [-44.948775907351674, 58.89916192197642, -28.0, 8.0], [-69.88787716384728, 57.155250078373285, -28.0, 8.0], [-94.88406954275706, 56.7189399174412, -28.0, 8.0], [-119.42474912894866, 51.948715033027575, -28.0, 8.0], [-133.40457171571734, 72.67465434690362, -28.0, 8.0], [-126.51363782029236, 96.7061967453616, -28.0, 8.0], [-119.62270392486738, 120.73773914381957, -28.0, 8.0]], "sample_nodes": [[0.0, 0.0, -28.0, 8.0], [0.012658656076029565, 1.3156790032662282, -28.0, 8.0], [0.02754370894935066, 2.6313385770619515, -28.0, 8.0], [0.044464324608766974, 3.9469803867703668, -28.0, 8.0], [0.06322966904308198, 5.262606097774648, -28.0, 8.0], [0.08364890824109937, 6.578217375457992, -28.0, 8.0], [0.10553120819162266, 7.893815885203578, -28.0, 8.0], [0.12868573488345536, 9.20940329239459, -28.0, 8.0], [0.15292165430540106, 10.524981262414212, -28.0, 8.0], [0.17804813244626355, 11.840551460645646, -28.0, 8.0], [0.20387433529484628, 13.156115552472063, -28.0, 8.0], [0.2302094288399526, 14.471675203276643, -28.0, 8.0], [0.2568625790703865, 15.78723207844259, -28.0, 8.0], [0.28364295197495115, 17.10278784335307, -28.0, 8.0], [0.31035971354245045, 18.418344163391282, -28.0, 8.0], [0.33682202976168785, 19.733902703940412, -28.0, 8.0], [0.36283906662146675, 21.049465130383634, -28.0, 8.0], [0.38821999011059116, 22.36503310810415, -28.0, 8.0], [0.41277396621786433, 23.68060830248514, -28.0, 8.0], [0.43631016093208996, 24.996192378909782, -28.0, 8.0], [0.4876653994770776, 26.32719680313258, -28.0, 8.0], [0.5894944973364667, 27.68560629695287, -28.0, 8.0], [0.7323336058888085, 29.066282409821145, -28.0, 8.0], [0.9067188765126504, 30.46408669118785, -28.0, 8.0], [1.1031864605865445, 31.87388069050347, -28.0, 8.0], [1.3122725094890386, 33.29052595721846, -28.0, 8.0], [1.524513174598682, 34.708884040783296, -28.0, 8.0], [1.7304446072940258, 36.12381649064844, -28.0, 8.0], [1.9206029589536198, 37.53018485626438, -28.0, 8.0], [2.085524380956012, 38.92285068708155, -28.0, 8.0], [2.215745024679752, 40.29667553255044, -28.0, 8.0], [2.3018010415033916, 41.646520942121526, -28.0, 8.0], [2.334228582805478, 42.96724846524525, -28.0, 8.0], [2.303563799964562, 44.25371965137211, -28.0, 8.0], [2.200342844359192, 45.50079604995254, -28.0, 8.0], [2.015101867367922, 46.703339210437036, -28.0, 8.0], [1.7383770203692959, 47.85621068227607, -28.0, 8.0], [1.3607044547418652, 48.954272014920086, -28.0, 8.0], [0.8726203218641799, 49.992384757819565, -28.0, 8.0], [0.2723016005469797, 50.9902028332491, -28.0, 8.0], [-0.4304532013981787, 51.96910264066611, -28.0, 8.0], [-1.2276756390915307, 52.92652944529541, -28.0, 8.0], [-2.1113972676532993, 53.85992851236176, -28.0, 8.0], [-3.073649642203722, 54.76674510708994, -28.0, 8.0], [-4.106464317863022, 55.64442449470472, -28.0, 8.0], [-5.201872849751431, 56.49041194043086, -28.0, 8.0], [-6.351906792989175, 57.30215270949315, -28.0, 8.0], [-7.548597702696496, 58.077092067116375, -28.0, 8.0], [-8.783977133993613, 58.81267527852529, -28.0, 8.0], [-10.05007664200075, 59.506347608944665, -28.0, 8.0], [-11.338927781838159, 60.155554323599304, -28.0, 8.0], [-12.642562108626041, 60.757740687713955, -28.0, 8.0], [-13.953011177484647, 61.310351966513394, -28.0, 8.0], [-15.262306543534201, 61.81083342522241, -28.0, 8.0], [-16.562479761894924, 62.25663032906577, -28.0, 8.0], [-17.84556238768706, 62.64518794326827, -28.0, 8.0], [-19.103585976030832, 62.97395153305465, -28.0, 8.0], [-20.32858208204647, 63.240366363649684, -28.0, 8.0], [-21.54321150233931, 63.4239059033594, -28.0, 8.0], [-22.774543383756168, 63.51163290578498, -28.0, 8.0], [-24.021221806779568, 63.51237656409407, -28.0, 8.0], [-25.281890851891973, 63.4349660714543, -28.0, 8.0], [-26.555194599575884, 63.28823062103329, -28.0, 8.0], [-27.839777130313784, 63.080999405998654, -28.0, 8.0], [-29.13428252458816, 62.822101619517994, -28.0, 8.0], [-30.43735486288149, 62.52036645475897, -28.0, 8.0], [-31.747638225676297, 62.18462310488919, -28.0, 8.0], [-33.06377669345504, 61.82370076307625, -28.0, 8.0], [-34.3844143467002, 61.446428622487815, -28.0, 8.0], [-35.7081952658943, 61.061635876291476, -28.0, 8.0], [-37.03376353151978, 60.67815171765488, -28.0, 8.0], [-38.35976322405918, 60.30480533974563, -28.0, 8.0], [-39.68483842399496, 59.950425935731346, -28.0, 8.0], [-41.0076332118096, 59.62384269877966, -28.0, 8.0], [-42.32679166798561, 59.33388482205821, -28.0, 8.0], [-43.64095787300548, 59.089381498734596, -28.0, 8.0], [-44.948775907351674, 58.89916192197642, -28.0, 8.0], [-46.2537531240947, 58.74431690206505, -28.0, 8.0], [-47.56022448023601, 58.599675062502065, -28.0, 8.0], [-48.86807546215468, 58.464672316285586, -28.0, 8.0], [-50.17719155622969, 58.33874457641366, -28.0, 8.0], [-51.48745824884004, 58.22132775588436, -28.0, 8.0], [-52.7987610263648, 58.11185776769577, -28.0, 8.0], [-54.11098537518295, 58.00977052484597, -28.0, 8.0], [-55.424016781673494, 57.914501940333025, -28.0, 8.0], [-56.73774073221548, 57.82548792715504, -28.0, 8.0], [-58.0520427131879, 57.74216439831005, -28.0, 8.0], [-59.36680821096978, 57.66396726679615, -28.0, 8.0], [-60.68192271194013, 57.59033244561141, -28.0, 8.0], [-61.99727170247798, 57.52069584775392, -28.0, 8.0], [-63.31274066896233, 57.45449338622173, -28.0, 8.0], [-64.62821509777221, 57.39116097401296, -28.0, 8.0], [-65.94358047528662, 57.33013452412565, -28.0, 8.0], [-67.2587222878846, 57.270849949557885, -28.0, 8.0], [-68.57352602194516, 57.21274316330774, -28.0, 8.0], [-69.88787716384728, 57.155250078373285, -28.0, 8.0], [-71.20271552251324, 57.1070893832023, -28.0, 8.0], [-72.51890778028518, 57.0757108274786, -28.0, 8.0], [-73.83622973367201, 57.058646916054514, -28.0, 8.0], [-75.15445717918267, 57.053430153782216, -28.0, 8.0], [-76.47336591332603, 57.05759304551398, -28.0, 8.0], [-77.79273173261105, 57.06866809610205, -28.0, 8.0], [-79.11233043354656, 57.084187810398646, -28.0, 8.0], [-80.43193781264152, 57.10168469325605, -28.0, 8.0], [-81.75132966640486, 57.11869124952648, -28.0, 8.0], [-83.07028179134542, 57.13273998406217, -28.0, 8.0], [-84.38856998397216, 57.141363401715395, -28.0, 8.0], [-85.70597004079397, 57.142094007338386, -28.0, 8.0], [-87.02225775831977, 57.13246430578337, -28.0, 8.0], [-88.33720893305845, 57.11000680190262, -28.0, 8.0], [-89.65059936151894, 57.07225400054837, -28.0, 8.0], [-90.96220484021013, 57.016738406572856, -28.0, 8.0], [-92.27180116564095, 56.940992524828324, -28.0, 8.0], [-93.5791641343203, 56.842548860167035, -28.0, 8.0], [-94.88406954275706, 56.7189399174412, -28.0, 8.0], [-96.20030020554033, 56.53678180753394, -28.0, 8.0], [-97.53884181222872, 56.273033722047934, -28.0, 8.0], [-98.89527447178574, 55.940742786914896, -28.0, 8.0], [-100.26517829317467, 55.552956128066455, -28.0, 8.0], [-101.64413338535901, 55.122720871434296, -28.0, 8.0], [-103.02771985730206, 54.66308414295009, -28.0, 8.0], [-104.41151781796722, 54.18709306854548, -28.0, 8.0], [-105.79110737631788, 53.70779477415218, -28.0, 8.0], [-107.16206864131749, 53.23823638570181, -28.0, 8.0], [-108.51998172192938, 52.791465029126066, -28.0, 8.0], [-109.86042672711693, 52.3805278303566, -28.0, 8.0], [-111.17898376584358, 52.01847191532511, -28.0, 8.0], [-112.47123294707264, 51.71834440996324, -28.0, 8.0], [-113.73275437976758, 51.49319244020266, -28.0, 8.0], [-114.95912817289175, 51.35606313197504, -28.0, 8.0], [-116.14593443540858, 51.32000361121206, -28.0, 8.0], [-117.28875327628141, 51.39806100384537, -28.0, 8.0], [-118.38316480447364, 51.60328243580667, -28.0, 8.0], [-119.42474912894866, 51.948715033027575, -28.0, 8.0], [-120.43734740800828, 52.43303272721406, -28.0, 8.0], [-121.44474115415272, 53.0397408715517, -28.0, 8.0], [-122.44242100764336, 53.759133724191685, -28.0, 8.0], [-123.42587760874125, 54.58150554328516, 