{"control_nodes": [[-4.592425496802574e-15, -25.0, -28.0, 8.0], [0.0, 0.0, -28.0, 8.0], [0.43631016093208996, 24.996192378909782, -28.0, 8.0], [0.8726203218641799, 49.992384757819565, -28.0, 8.0], [-17.706000315070675, 66.72064991679102, -28.0, 8.0], [-37.40626915523872, 82.11218679993247, -28.0, 8.0], [-47.174547367470566, 105.12480813624347, -28.0, 8.0], [-36.60909082395308, 127.78250281215972, -28.0, 8.0], [-49.48504269670444, 149.21168532971254, -28.0, 8.0], [-57.21046755607812, 172.98809823709138, -28.0, 8.0], [-80.54997821850816, 181.94729697572387, -28.0, 8.0], [-103.8894888809382, 190.90649571435637, -28.0, 8.0]], "sample_nodes": [[0.0, 0.0, -28.0, 8.0], [0.012658656076029565, 1.3156790032662282, -28.0, 8.0], [0.02754370894935066, 2.6313385770619515, -28.0, 8.0], [0.044464324608766974, 3.9469803867703668, -28.0, 8.0], [0.06322966904308198, 5.262606097774648, -28.0, 8.0], [0.08364890824109937, 6.578217375457992, -28.0, 8.0], [0.10553120819162266, 7.893815885203578, -28.0, 8.0], [0.12868573488345536, 9.20940329239459, -28.0, 8.0], [0.15292165430540106, 10.524981262414212, -28.0, 8.0], [0.17804813244626355, 11.840551460645646, -28.0, 8.0], [0.20387433529484628, 13.156115552472063, -28.0, 8.0], [0.2302094288399526, 14.471675203276643, -28.0, 8.0], [0.2568625790703865, 15.78723207844259, -28.0, 8.0], [0.28364295197495115, 17.10278784335307, -28.0, 8.0], [0.31035971354245045, 18.418344163391282, -28.0, 8.0], [0.33682202976168785, 19.733902703940412, -28.0, 8.0], [0.36283906662146675, 21.049465130383634, -28.0, 8.0], [0.38821999011059116, 22.36503310810415, -28.0, 8.0], [0.41277396621786433, 23.68060830248514, -28.0, 8.0], [0.43631016093208996, 24.996192378909782, -28.0, 8.0], [0.4842241929013694, 26.32263016776616, -28.0, 8.0], [0.5764943836060138, 27.668354563346398, -28.0, 8.0], [0.7048039532831433, 29.02974932688979, -28.0, 8.0], [0.8608361221698752, 30.403198219635588, -28.0, 8.0], [1.0362741105033304, 31.785085002823088, -28.0, 8.0], [1.2228011385206268, 33.17179343769155, -28.0, 8.0], [1.4121004264588826, 34.55970728548026, -28.0, 8.0], [1.5958551945552182, 35.94521030742847, -28.0, 8.0], [1.765748663046753, 37.324686264775494, -28.0, 8.0], [1.9134640521706048, 38.69451891876058, -28.0, 8.0], [2.030684582163892, 40.05109203062299, -28.0, 8.0], [2.109093473263735, 41.39078936160203, -28.0, 8.0], [2.1403739457072524, 42.70999467293694, -28.0, 8.0], [2.116209219731563, 44.00509172586705, -28.0, 8.0], [2.0282825155737854, 45.27246428163156, -28.0, 8.0], [1.868277053471041, 46.5084961014698, -28.0, 8.0], [1.6278760536604453, 47.70957094662104, -28.0, 8.0], [1.2987627363791185, 48.87207257832453, -28.0, 8.0], [0.8726203218641799, 49.992384757819565, -28.0, 8.0], [0.3453760549375224, 51.069850640091204, -28.0, 8.0], [-0.2762808387092981, 52.1082452582887, -28.0, 8.0], [-0.9845241675346761, 53.110600190897586, -28.0, 8.0], [-1.7715277399969975, 54.07994701640341, -28.0, 8.0], [-2.6294653645546573, 55.019317313291715, -28.0, 8.0], [-3.550510849666043, 55.93174266004804, -28.0, 8.0], [-4.526838003789543, 56.82025463515792, -28.0, 8.0], [-5.550620635383547, 57.687884817106905, -28.0, 8.0], [-6.614032552906453, 58.53766478438054, -28.0, 8.0], [-7.709247564816645, 59.37262611546434, -28.0, 8.0], [-8.82843947957251, 60.195800388843864, -28.0, 8.0], [-9.963782105632454, 61.01021918300466, -28.0, 8.0], [-11.107449251454842, 61.81891407643225, -28.0, 8.0], [-12.251614725498083, 62.62491664761218, -28.0, 8.0], [-13.388452336220563, 63.43125847503002, -28.0, 8.0], [-14.510135892080669, 64.24097113717127, -28.0, 8.0], [-15.6088392015368, 65.0570862125215, -28.0, 8.0], [-16.67673607304734, 65.88263527956624, -28.0, 8.0], [-17.706000315070675, 66.72064991679102, -28.0, 8.0], [-18.72939701401051, 67.55230249521645, -28.0, 8.0], [-19.781685612230138, 68.35935632150529, -28.0, 8.0], [-20.85803145212737, 69.1457293776064, -28.0, 8.0], [-21.953599876099986, 69.91533964546858, -28.0, 8.0], [-23.0635562265458, 70.67210510704066, -28.0, 8.0], [-24.1830658458626, 71.41994374427149, -28.0, 8.0], [-25.307294076448187, 72.16277353910985, -28.0, 8.0], [-26.431406260700353, 72.90451247350461, -28.0, 8.0], [-27.55056774101691, 73.64907852940459, -28.0, 8.0], [-28.65994385979564, 74.4003896887586, -28.0, 8.0], [-29.754699959434333, 75.16236393351544, -28.0, 8.0], [-30.83000138233081, 75.93891924562399, -28.0, 8.0], [-31.88101347088285, 76.73397360703306, -28.0, 8.0], [-32.90290156748825, 77.55144499969144, -28.0, 8.0], [-33.89083101454483, 78.39525140554802, -28.0, 8.0], [-34.83996715445036, 79.26931080655156, -28.0, 8.0], [-35.74547532960266, 80.17754118465096, -28.0, 8.0], [-36.60252088239952, 81.123860521795, -28.0, 8.0], [-37.40626915523872, 82.11218679993247, -28.0, 8.0], [-38.181649608532666, 83.14384374131438, -28.0, 8.0], [-38.953781787167635, 84.21521737352977, -28.0, 8.0], [-39.71811616025236, 85.32281913653492, -28.0, 8.0], [-40.470103196895515, 86.4631604702859, -28.0, 8.0], [-41.20519336620582, 87.63275281473891, -28.0, 8.0], [-41.91883713729196, 88.82810760985011, -28.0, 8.0], [-42.60648497926263, 90.04573629557564, -28.0, 8.0], [-43.26358736122654, 91.28215031187167, -28.0, 8.0], [-43.88559475229238, 92.53386109869442, -28.0, 8.0], [-44.46795762156886, 93.79738009599994, -28.0, 8.0], [-45.00612643816463, 95.06921874374444, -28.0, 8.0], [-45.495551671188466, 96.34588848188412, -28.0, 8.0], [-45.931683789749, 97.6239007503751, -28.0, 8.0], [-46.30997326295497, 98.89976698917354, -28.0, 8.0], [-46.62587055991505, 100.16999863823563, -28.0, 8.0], [-46.87482614973796, 101.43110713751749, -28.0, 8.0], [-47.05229050153238, 102.67960392697532, -28.0, 8.0], [-47.15371408440703, 103.91200044656529, -28.0, 8.0], [-47.174547367470566, 105.12480813624347, -28.0, 8.0], [-47.06796660387167, 106.32731323996342, -28.0, 8.0], [-46.80294536044895, 107.53087298159264, -28.0, 8.0], [-46.39863007684612, 108.7351052709586, -28.0, 8.0], [-45.87416719270685, 109.93962801788865, -28.0, 8.0], [-45.24870314767483, 111.1440591322102, -28.0, 8.0], [-44.541384381393755, 112.34801652375066, -28.0, 8.0], [-43.771357333507304, 113.55111810233737, -28.0, 8.0], [-42.95776844365916, 114.7529817777978, -28.0, 8.0], [-42.11976415149303, 115.95322545995928, -28.0, 8.0], [-41.276490896652575, 117.15146705864923, -28.0, 8.0], [-40.447095118781505, 118.34732448369502, -28.0, 8.0], [-39.650723257523495, 119.54041564492411, -28.0, 8.0], [-38.90652175252225, 120.73035845216378, -28.0, 8.0], [-38.23363704342144, 121.91677081524156, -28.0, 8.0], [-37.65121556986476, 123.09927064398472, -28.0, 8.0], [-37.178403771495894, 124.27747584822076, -28.0, 8.0], [-36.83434808795854, 125.45100433777701, -28.0, 8.0], [-36.63819495889638, 126.61947402248087, -28.0, 8.0], [-36.60909082395308, 127.78250281215972, -28.0, 8.0], [-36.739877411757156, 128.93629035917579, -28.0, 8.0], [-37.00229510129374, 130.0783336852004, -28.0, 8.0], [-37.383838307741634, 131.21019675402496, -28.0, 8.0], [-37.872001446279555, 132.33344352944073, -28.0, 8.0], [-38.45427893208627, 133.44963797523909, -28.0, 8.0], [-39.11816518034054, 134.56034405521123, -28.0, 8.0], [-39.85115460622108, 135.66712573314854, -28.0, 8.0], [-40.64074162490668, 136.7715469728423, -28.0, 8.0], [-41.47442065157608, 137.8751717380838, -28.0, 8.0], [-42.339686101408034, 138.97956399266437, -28.0, 8.0], [-43.22403238958128, 140.08628770037527, -28.0, 8.0], [-44.114953931274584, 141.19690682500786, -28.0, 8.0], [-44.9999451416667, 142.31298533035343, -28.0, 8.0], [-45.86650043593637, 143.43608718020326, -28.0, 8.0], [-46.70211422926234, 144.56777633834872, -28.0, 8.0], [-47.494280936823394, 145.70961676858104, -28.0, 8.0], [-48.230494973798265, 146.86317243469165, -28.0, 8.0], [-48.89825075536569, 148.0300073004717, -28.0, 8.0], [-49.48504269670444, 149.21168532971254, -28.0, 8.0], [-49.99280432058162, 150.42707950727933, -28.0, 8.0], [-50.43786091190054, 151.68901523468483, -28.0, 8.0], [-50.82929452904423, 152.98998510069194, -28.0, 8.0], [-51.17618723039577, 