{"control_nodes": [[-4.592425496802574e-15, -25.0, -28.0, 8.0], [0.0, 0.0, -28.0, 8.0], [0.43631016093208996, 24.996192378909782, -28.0, 8.0], [0.8726203218641799, 49.992384757819565, -28.0, 8.0], [-3.0382413041415903, 74.68459327269801, -28.0, 8.0], [-25.111931125614763, 86.42138234234528, -28.0, 8.0], [-41.18162136777825, 67.27027126437083, -28.0, 8.0], [-38.134887782649564, 42.456617473337786, -28.0, 8.0], [-58.860827096525604, 28.476794886569113, -28.0, 8.0], [-80.29000961407841, 41.35274675932047, -28.0, 8.0], [-100.76881072130321, 27.013335850544316, -28.0, 8.0], [-121.24761182852801, 12.673924941768167, -28.0, 8.0]], "sample_nodes": [[0.0, 0.0, -28.0, 8.0], [0.012658656076029565, 1.3156790032662282, -28.0, 8.0], [0.02754370894935066, 2.6313385770619515, -28.0, 8.0], [0.044464324608766974, 3.9469803867703668, -28.0, 8.0], [0.06322966904308198, 5.262606097774648, -28.0, 8.0], [0.08364890824109937, 6.578217375457992, -28.0, 8.0], [0.10553120819162266, 7.893815885203578, -28.0, 8.0], [0.12868573488345536, 9.20940329239459, -28.0, 8.0], [0.15292165430540106, 10.524981262414212, -28.0, 8.0], [0.17804813244626355, 11.840551460645646, -28.0, 8.0], [0.20387433529484628, 13.156115552472063, -28.0, 8.0], [0.2302094288399526, 14.471675203276643, -28.0, 8.0], [0.2568625790703865, 15.78723207844259, -28.0, 8.0], [0.28364295197495115, 17.10278784335307, -28.0, 8.0], [0.31035971354245045, 18.418344163391282, -28.0, 8.0], [0.33682202976168785, 19.733902703940412, -28.0, 8.0], [0.36283906662146675, 21.049465130383634, -28.0, 8.0], [0.38821999011059116, 22.36503310810415, -28.0, 8.0], [0.41277396621786433, 23.68060830248514, -28.0, 8.0], [0.43631016093208996, 24.996192378909782, -28.0, 8.0], [0.4649779717177622, 26.31218032227802, -28.0, 8.0], [0.5037864369123867, 27.628877369280083, -28.0, 8.0], [0.5508341838142856, 28.946150562984656, -28.0, 8.0], [0.6042198397217794, 30.263866946460368, -28.0, 8.0], [0.6620420319331904, 31.581893562775896, -28.0, 8.0], [0.7223993877468393, 32.90009745499987, -28.0, 8.0], [0.7833905344610479, 34.21834566620097, -28.0, 8.0], [0.8431140993741373, 35.53650523944783, -28.0, 8.0], [0.899668709784429, 36.85444321780912, -28.0, 8.0], [0.9511529929902446, 38.172026644353494, -28.0, 8.0], [0.9956655762899049, 39.489122562149596, -28.0, 8.0], [1.0313050869817322, 40.80559801426611, -28.0, 8.0], [1.056170152364047, 42.12132004377164, -28.0, 8.0], [1.0683593997351712, 43.43615569373489, -28.0, 8.0], [1.065971456393426, 44.749972007224486, -28.0, 8.0], [1.047104949637133, 46.0626360273091, -28.0, 8.0], [1.0098585067646135, 47.374014797057384, -28.0, 8.0], [0.9523307550741886, 48.68397535953799, -28.0, 8.0], [0.8726203218641799, 49.992384757819565, -28.0, 8.0], [0.7932918827702968, 51.31615373796992, -28.0, 8.0], [0.7341492198223031, 52.668592681071516, -28.0, 8.0], [0.6891496199096008, 54.04416808271503, -28.0, 8.0], [0.6522503699215925, 55.437346438491126, -28.0, 8.0], [0.6174087567476806, 56.84259424399049, -28.0, 8.0], [0.5785820672772675, 58.254377994803775, -28.0, 8.0], [0.5297275883997559, 59.667164186521646, -28.0, 8.0], [0.46480260700454834, 61.07541931473478, -28.0, 8.0], [0.37776440998104666, 62.47360987503385, -28.0, 8.0], [0.26257028421865325, 63.85620236300953, -28.0, 8.0], [0.11317751660677172, 65.21766327425246, -28.0, 8.0], [-0.07645660596519749, 66.55245910435335, -28.0, 8.0], [-0.3123747966078486, 67.85505634890282, -28.0, 8.0], [-0.6006197684317829, 69.11992150349158, -28.0, 8.0], [-0.9472342345475966, 70.34152106371029, -28.0, 8.0], [-1.3582609080658838, 71.51432152514963, -28.0, 8.0], [-1.8397425020972482, 72.63278938340027, -28.0, 8.0], [-2.397721729752285, 73.69139113405282, -28.0, 8.0], [-3.0382413041415903, 74.68459327269801, -28.0, 8.0], [-3.7789119345687503, 75.64883731783561, -28.0, 8.0], [-4.626269105323988, 76.61902490019126, -28.0, 8.0], [-5.5697426919978765, 77.58731268369459, -28.0, 8.0], [-6.598762570180966, 78.5458573322751, -28.0, 8.0], [-7.70275861546383, 79.48681550986237, -28.0, 8.0], [-8.871160703437026, 80.40234388038596, -28.0, 8.0], [-10.093398709691114, 81.28459910777542, -28.0, 8.0], [-11.358902509816659, 82.1257378559603, -28.0, 8.0], [-12.657101979404228, 82.91791678887017, -28.0, 8.0], [-13.977426994044379, 83.65329257043459, -28.0, 8.0], [-15.30930742932767, 84.32402186458306, -28.0, 8.0], [-16.642173160844678, 84.92226133524521, -28.0, 8.0], [-17.965454064185945, 85.44016764635057, -28.0, 8.0], [-19.26858001494205, 85.86989746182869, -28.0, 8.0], [-20.540980888703555, 86.20360744560914, -28.0, 8.0], [-21.772086561061002, 86.43345426162145, -28.0, 8.0], [-22.951326907604994, 86.55159457379524, -28.0, 8.0], [-24.068131803926057, 86.55018504606, -28.0, 8.0], [-25.111931125614763, 86.42138234234528, -28.0, 8.0], [-26.12459389332359, 86.15038826291439, -28.0, 8.0], [-27.151212455748958, 85.73498890257405, -28.0, 8.0], [-28.186051680547415, 85.18621736706909, -28.0, 8.0], [-29.22337643537544, 84.51510676214433, -28.0, 8.0], [-30.257451587889577, 83.73269019354458, -28.0, 8.0], [-31.282542005746343, 82.85000076701466, -28.0, 8.0], [-32.29291255660224, 81.87807158829938, -28.0, 8.0], [-33.28282810811379, 80.82793576314356, -28.0, 8.0], [-34.24655352793753, 79.710626397292, -28.0, 8.0], [-35.17835368372995, 78.53717659648953, -28.0, 8.0], [-36.07249344314758, 77.31861946648098, -28.0, 8.0], [-36.92323767384695, 76.06598811301112, -28.0, 8.0], [-37.724851243484544, 74.79031564182482, -28.0, 8.0], [-38.4715990197169, 73.50263515866685, -28.0, 8.0], [-39.15774587020054, 72.21397976928205, -28.0, 8.0], [-39.77755666259198, 70.93538257941525, -28.0, 8.0], [-40.32529626454774, 69.67787669481125, -28.0, 8.0], [-40.795229543724325, 68.45249522121482, -28.0, 8.0], [-41.18162136777825, 67.27027126437083, -28.0, 8.0], [-41.44157701433006, 66.08381528246592, -28.0, 8.0], [-41.5485311154176, 64.84319246950322, -28.0, 8.0], [-41.52124257032344, 63.55561803495237, -28.0, 8.0], [-41.37847027833009, 62.2283071882829, -28.0, 8.0], [-41.13897313872008, 60.86847513896447, -28.0, 8.0], [-40.82151005077596, 59.483337096466656, -28.0, 8.0], [-40.44483991378024, 58.08010827025906, -28.0, 8.0], [-40.027721627015474, 56.66600386981126, -28.0, 8.0], [-39.58891408976418, 55.24823910459287, -28.0, 8.0], [-39.147176201308895, 53.834029184073486, -28.0, 8.0], [-38.72126686093214, 52.4305893177227, -28.0, 8.0], [-38.32994496791647, 51.045134715010114, -28.0, 8.0], [-37.991969421544404, 49.684880585405324, -28.0, 8.0], [-37.72609912109847, 48.357042138377935, -28.0, 8.0], [-37.551092965861216, 47.068834583397525, -28.0, 8.0], [-37.48570985511516, 45.827473129933715, -28.0, 8.0], [-37.54870868814286, 44.6401729874561, -28.0, 8.0], [-37.75884836422681, 43.51414936543426, -28.0, 8.0], [-38.134887782649564, 42.456617473337786, -28.0, 8.0], [-38.663326606652696, 41.42971871563987, -28.0, 8.0], [-39.311431804792896, 40.39545615867048, -28.0, 8.0], [-40.06911323432549, 39.360837504684426, -28.0, 8.0], [-40.926280752505754, 38.332870455936515, -28.0, 8.0], [-41.87284421658899, 37.31856271468156, -28.0, 8.0], [-42.898713483830456, 36.3249219831744, -28.0, 8.0], [-43.99379841148546, 35.35895596366982, -28.0, 8.0], [-45.14800885680928, 34.427672358422654, -28.0, 8.0], [-46.35125467705721, 33.5380788696877, -28.0, 8.0], [-47.59344572948454, 32.69718319971977, -28.0, 8.0], [-48.86449187134654, 31.911993050773688, -28.0, 8.0], [-50.15430295989851, 31.189516125104262, -28.0, 8.0], [-51.45278885239574, 30.53676012496632, -28.0, 8.0], [-52.74985940609352, 29.960732752614653, -28.0, 8.0], [-54.03542447824712, 29.46844171030409, -28.0, 8.0], [-55.299393926111826, 29.066894700289442, -28.0, 8.0], [-56.53167760694297, 28.763099424825523, -28.0, 8.0], [-57.7221853779958, 28.564063586167144, -28.0, 8.0], [-58.860827096525604, 28.476794886569113, -28.0, 8.0], [-59.9733162235899, 28.55589117300369, -28.0, 8.0], [-61.09161080548633, 28.835512012665784, -28.0, 8.0], [-62.214987577330604, 29.29200768814427, -28.0, 8.0], [-63.34272327423825, 