{"control_nodes": [[-4.592425496802574e-15, -25.0, -28.0, 8.0], [0.0, 0.0, -28.0, 8.0], [0.43631016093208996, 24.996192378909782, -28.0, 8.0], [0.8726203218641799, 49.992384757819565, -28.0, 8.0], [-8.895657890367666, 73.00500609413058, -28.0, 8.0], [7.5058178343950175, 91.87274559969988, -28.0, 8.0], [27.731242693768703, 106.5673769070117, -28.0, 8.0], [52.18493271211385, 111.76516917745569, -28.0, 8.0], [69.23489171367632, 93.48132663697643, -28.0, 8.0], [85.30458195583981, 74.33021555900199, -28.0, 8.0], [75.13616587894481, 51.491579117936965, -28.0, 8.0], [64.96774980204981, 28.652942676871945, -28.0, 8.0]], "sample_nodes": [[0.0, 0.0, -28.0, 8.0], [0.012658656076029565, 1.3156790032662282, -28.0, 8.0], [0.02754370894935066, 2.6313385770619515, -28.0, 8.0], [0.044464324608766974, 3.9469803867703668, -28.0, 8.0], [0.06322966904308198, 5.262606097774648, -28.0, 8.0], [0.08364890824109937, 6.578217375457992, -28.0, 8.0], [0.10553120819162266, 7.893815885203578, -28.0, 8.0], [0.12868573488345536, 9.20940329239459, -28.0, 8.0], [0.15292165430540106, 10.524981262414212, -28.0, 8.0], [0.17804813244626355, 11.840551460645646, -28.0, 8.0], [0.20387433529484628, 13.156115552472063, -28.0, 8.0], [0.2302094288399526, 14.471675203276643, -28.0, 8.0], [0.2568625790703865, 15.78723207844259, -28.0, 8.0], [0.28364295197495115, 17.10278784335307, -28.0, 8.0], [0.31035971354245045, 18.418344163391282, -28.0, 8.0], [0.33682202976168785, 19.733902703940412, -28.0, 8.0], [0.36283906662146675, 21.049465130383634, -28.0, 8.0], [0.38821999011059116, 22.36503310810415, -28.0, 8.0], [0.41277396621786433, 23.68060830248514, -28.0, 8.0], [0.43631016093208996, 24.996192378909782, -28.0, 8.0], [0.4726637494223889, 26.31438418357079, -28.0, 8.0], [0.5328215971298653, 27.637203067497214, -28.0, 8.0], [0.6123204054512994, 28.963781453326813, -28.0, 8.0], [0.7066968757834688, 30.293251763697295, -28.0, 8.0], [0.8114877095231545, 31.624746421246414, -28.0, 8.0], [0.9222296080671342, 32.95739784861188, -28.0, 8.0], [1.0344592728121873, 34.29033846843144, -28.0, 8.0], [1.143713405155093, 35.622700703342815, -28.0, 8.0], [1.2455287064926315, 36.953616975983756, -28.0, 8.0], [1.3354418782215807, 38.282219708991974, -28.0, 8.0], [1.4089896217387199, 39.607641325005204, -28.0, 8.0], [1.4617086384408284, 40.929014246661204, -28.0, 8.0], [1.4891356297246856, 42.24547089659766, -28.0, 8.0], [1.4868072969870705, 43.55614369745234, -28.0, 8.0], [1.450260341624762, 44.860165071862966, -28.0, 8.0], [1.37503146503454, 46.15666744246727, -28.0, 8.0], [1.2566573686131828, 47.44478323190298, -28.0, 8.0], [1.0906747537574697, 48.723644862807845, -28.0, 8.0], [0.8726203218641799, 49.992384757819565, -28.0, 8.0], [0.5651800384998276, 51.25586321645581, -28.0, 8.0], [0.1446217122644092, 52.518888711511465, -28.0, 8.0], [-0.3731451908950775, 53.78051592554024, -28.0, 8.0], [-0.9722112050316288, 55.03979954109577, -28.0, 8.0], [-1.6366668641982494, 56.29579424073174, -28.0, 8.0], [-2.350602702447934, 57.54755470700177, -28.0, 8.0], [-3.098109253833683, 58.79413562245958, -28.0, 8.0], [-3.863277052408496, 60.034591669658774, -28.0, 8.0], [-4.630196632225378, 61.26797753115304, -28.0, 8.0], [-5.382958527337325, 62.493347889496064, -28.0, 8.0], [-6.10565327179733, 63.709757427241456, -28.0, 8.0], [-6.782371399658405, 64.91626082694293, -28.0, 8.0], [-7.39720344497354, 66.11191277115412, -28.0, 8.0], [-7.934239941795736, 67.29576794242871, -28.0, 8.0], [-8.377571424178, 68.46688102332033, -28.0, 8.0], [-8.711288426173322, 69.62430669638267, -28.0, 8.0], [-8.919481481834708, 70.76709964416938, -28.0, 8.0], [-8.98624112521516, 71.89431454923414, -28.0, 8.0], [-8.895657890367666, 73.00500609413058, -28.0, 8.0], [-8.655532936783365, 74.10141705664333, -28.0, 8.0], [-8.290789496299949, 75.18641219572645, -28.0, 8.0], [-7.811201211490262, 76.2599791656878, -28.0, 8.0], [-7.226541724927156, 77.32210562083517, -28.0, 8.0], [-6.54658467918347, 78.3727792154764, -28.0, 8.0], [-5.781103716832052, 79.41198760391937, -28.0, 8.0], [-4.939872480445748, 80.4397184404719, -28.0, 8.0], [-4.032664612597406, 81.45595937944182, -28.0, 8.0], [-3.069253755859873, 82.46069807513695, -28.0, 8.0], [-2.0594135528059883, 83.45392218186515, -28.0, 8.0], [-1.0129176460086011, 84.43561935393424, -28.0, 8.0], [0.060460321959440955, 85.40577724565208, -28.0, 8.0], [1.1509467085252858, 86.36438351132648, -28.0, 8.0], [2.248767871116102, 87.31142580526532, -28.0, 8.0], [3.344150167159035, 88.24689178177638, -28.0, 8.0], [4.4273199540812325, 89.17076909516756, -28.0, 8.0], [5.488503589309862, 90.08304539974662, -28.0, 8.0], [6.517927430272074, 90.98370834982146, -28.0, 8.0], [7.505817834395017, 91.87274559969987, -28.0, 8.0], [8.474449446582828, 92.75717146081509, -28.0, 8.0], [9.452730567032456, 93.64245614065759, -28.0, 8.0], [10.440838036110302, 94.52627113762144, -28.0, 8.0], [11.438948694182749, 95.40628795010055, -28.0, 8.0], [12.447239381616205, 96.2801780764889, -28.0, 8.0], [13.465886938777043, 97.14561301518042, -28.0, 8.0], [14.495068206031663, 98.00026426456908, -28.0, 8.0], [15.534960023746454, 98.84180332304885, -28.0, 8.0], [16.585739232287818, 99.66790168901372, -28.0, 8.0], [17.64758267202214, 100.47623086085757, -28.0, 8.0], [18.720667183315797, 101.26446233697439, -28.0, 8.0], [19.80516960653521, 102.03026761575819, -28.0, 8.0], [20.901266782046747, 102.77131819560287, -28.0, 8.0], [22.009135550216808, 103.48528557490243, -28.0, 8.0], [23.128952751411788, 104.16984125205079, -28.0, 8.0], [24.260895225998063, 104.82265672544195, -28.0, 8.0], [25.40513981434206, 105.44140349346986, -28.0, 8.0], [26.561863356810147, 106.02375305452847, -28.0, 8.0], [27.731242693768703, 106.5673769070117, -28.0, 8.0], [28.92812805898525, 107.0960582959753, -28.0, 8.0], [30.163860045696538, 107.63105500651406, -28.0, 8.0], [31.433351033472903, 108.16625034708088, -28.0, 8.0], [32.73151340188463, 108.69552762612854, -28.0, 8.0], [34.05325953050203, 109.21277015210985, -28.0, 8.0], [35.39350179889543, 109.71186123347763, -28.0, 8.0], [36.74715258663511, 110.18668417868466, -28.0, 8.0], [38.109124273291386, 110.63112229618378, -28.0, 8.0], [39.47432923843458, 111.03905889442781, -28.0, 8.0], [40.83767986163498, 111.40437728186953, -28.0, 8.0], [42.19408852246289, 111.72096076696175, -28.0, 8.0], [43.538467600488644, 111.98269265815733, -28.0, 8.0], [44.865729475282514, 112.18345626390902, -28.0, 8.0], [46.17078652641484, 112.3171348926697, -28.0, 8.0], [47.448551133455915, 112.3776118528921, -28.0, 8.0], [48.69393567597604, 112.35877045302911, -28.0, 8.0], [49.90185253354554, 112.25449400153352, -28.0, 8.0], [51.06721408573472, 112.0586658068581, -28.0, 8.0], [52.18493271211385, 111.76516917745569, -28.0, 8.0], [53.25845101552796, 111.35860307439316, -28.0, 8.0], [54.296476348328724, 110.83423832403763, -28.0, 8.0], [55.301818214346454, 110.20196603279248, -28.0, 8.0], [56.27728611741145, 109.47167730706099, -28.0, 8.0], [57.225689561354045, 108.65326325324645, -28.0, 8.0], [58.149838050004576, 107.75661497775222, -28.0, 8.0], [59.05254108719332, 106.79162358698154, -28.0, 8.0], [59.936608176750624, 105.76818018733775, -28.0, 8.0], [60.8048488225068, 104.69617588522415, -28.0, 8.0], [61.660072528292154, 103.58550178704407, -28.0, 8.0], [62.50508879793703, 102.44604899920077, -28.0, 8.0], [63.3427071352717, 101.28770862809759, -28.0, 8.0], [64.17573704412654, 100.12037178013783, -28.0, 8.0], [65.00698802833182, 98.95392956172482, -28.0, 8.0], [65.83926959171791, 97.79827307926186, -28.0, 8.0], [66.67539123811505, 96.6632934391522, -28.0, 8.0], [67.51816247135363, 95.5588817477992, -28.0, 8.0], [68.37039279526397, 94.49492911160621, -28.0, 8.0], [69.23489171367632, 93.48132663697643, -28.0, 8.0], [70.13824565350941, 92.49869566047742, -28.0, 8.0], [71.0978031644937, 91.520241095554, -28.0, 8.0], [72.10251693467711, 90.5447294139256, -28.0, 8.0], [73.14133965210766, 89.57092708731156, -28.0, 8.0], [74.20322400483332, 88.59760058743124, -28.0, 8.0], 