{"control_nodes": [[-4.592425496802574e-15, -25.0, -28.0, 8.0], [0.0, 0.0, -28.0, 8.0], [0.43631016093208996, 24.996192378909782, -28.0, 8.0], [0.8726203218641799, 49.992384757819565, -28.0, 8.0], [17.274096046626862, 68.86012426338887, -28.0, 8.0], [7.5058178343950175, 91.87274559969987, -28.0, 8.0], [-16.85343378523586, 97.4965219582965, -28.0, 8.0], [-41.79253504173147, 95.75261011469337, -28.0, 8.0], [-46.56275992614509, 71.21193052850177, -28.0, 8.0], [-31.86812861883326, 50.98650566912808, -28.0, 8.0], [-42.03654469572827, 28.14786922806306, -28.0, 8.0], [-52.204960772623274, 5.309232786998038, -28.0, 8.0]], "sample_nodes": [[0.0, 0.0, -28.0, 8.0], [0.012658656076029565, 1.3156790032662282, -28.0, 8.0], [0.02754370894935066, 2.6313385770619515, -28.0, 8.0], [0.044464324608766974, 3.9469803867703668, -28.0, 8.0], [0.06322966904308198, 5.262606097774648, -28.0, 8.0], [0.08364890824109937, 6.578217375457992, -28.0, 8.0], [0.10553120819162266, 7.893815885203578, -28.0, 8.0], [0.12868573488345536, 9.20940329239459, -28.0, 8.0], [0.15292165430540106, 10.524981262414212, -28.0, 8.0], [0.17804813244626355, 11.840551460645646, -28.0, 8.0], [0.20387433529484628, 13.156115552472063, -28.0, 8.0], [0.2302094288399526, 14.471675203276643, -28.0, 8.0], [0.2568625790703865, 15.78723207844259, -28.0, 8.0], [0.28364295197495115, 17.10278784335307, -28.0, 8.0], [0.31035971354245045, 18.418344163391282, -28.0, 8.0], [0.33682202976168785, 19.733902703940412, -28.0, 8.0], [0.36283906662146675, 21.049465130383634, -28.0, 8.0], [0.38821999011059116, 22.36503310810415, -28.0, 8.0], [0.41277396621786433, 23.68060830248514, -28.0, 8.0], [0.43631016093208996, 24.996192378909782, -28.0, 8.0], [0.43832524739105033, 26.319822867996606, -28.0, 8.0], [0.4030983672336978, 27.65774920866141, -28.0, 8.0], [0.3376123892005912, 29.007290928733347, -28.0, 8.0], [0.24885018203228923, 30.365767556041515, -28.0, 8.0], [0.14379461446935016, 31.73049861841507, -28.0, 8.0], [0.0294285552523329, 33.09880364368311, -28.0, 8.0], [-0.08726512687820348, 34.46800215967478, -28.0, 8.0], [-0.19930356318170073, 35.83541369421919, -28.0, 8.0], [-0.299703884917601, 37.198357775145496, -28.0, 8.0], [-0.3814832233453447, 38.5541539302828, -28.0, 8.0], [-0.4376587097243725, 39.90012168746023, -28.0, 8.0], [-0.4612474753141275, 41.233580574506924, -28.0, 8.0], [-0.4452666513740497, 42.55185011925199, -28.0, 8.0], [-0.38273336916358125, 43.85224984952458, -28.0, 8.0], [-0.26666475994216254, 45.132099293153786, -28.0, 8.0], [-0.09007795496923704, 46.38871797796877, -28.0, 8.0], [0.1540099144957566, 47.619425431798646, -28.0, 8.0], [0.47258171719337605, 48.82154118247254, -28.0, 8.0], [0.8726203218641799, 49.992384757819565, -28.0, 8.0], [1.393119476366546, 51.12473049196668, -28.0, 8.0], [2.0561316586755845, 52.216135278474354, -28.0, 8.0], [2.8432278327069627, 53.2710924843221, -28.0, 8.0], [3.735978962376336, 54.294095476489375, -28.0, 8.0], [4.715956011599374, 55.28963762195569, -28.0, 8.0], [5.764729944291734, 56.26221228770048, -28.0, 8.0], [6.863871724369075, 57.21631284070325, -28.0, 8.0], [7.99495231574706, 58.156432647943475, -28.0, 8.0], [9.13954268234136, 59.08706507640063, -28.0, 8.0], [10.27921378806763, 60.012703493054204, -28.0, 8.0], [11.39553659684152, 60.93784126488366, -28.0, 8.0], [12.470082072578716, 61.86697175886848, -28.0, 8.0], [13.484421179194857, 62.80458834198816, -28.0, 8.0], [14.42012488060562, 63.75518438122215, -28.0, 8.0], [15.258764140726665, 64.72325324354998, -28.0, 8.0], [15.981909923473644, 65.71328829595106, -28.0, 8.0], [16.571133192762236, 66.72978290540495, -28.0, 8.0], [17.008004912508092, 67.77723043889105, -28.0, 8.0], [17.274096046626862, 68.86012426338887, -28.0, 8.0], [17.397214644650486, 69.996235219888, -28.0, 8.0], [17.420831010092613, 71.19405960162686, -28.0, 8.0], [17.35000948784155, 72.44417895395826, -28.0, 8.0], [17.189814422785574, 73.7371748222349, -28.0, 8.0], [16.94531015981299, 75.06362875180962, -28.0, 8.0], [16.62156104381208, 76.41412228803514, -28.0, 8.0], [16.223631419671136, 77.77923697626423, -28.0, 8.0], [15.756585632278451, 79.14955436184967, -28.0, 8.0], [15.225488026522314, 80.51565599014424, -28.0, 8.0], [14.635402947291013, 81.86812340650067, -28.0, 8.0], [13.99139473947284, 83.19753815627175, -28.0, 8.0], [13.298527747956083, 84.49448178481026, -28.0, 8.0], [12.561866317629047, 85.74953583746893, -28.0, 8.0], [11.786474793380007, 86.95328185960057, -28.0, 8.0], [10.977417520097259, 88.09630139655792, -28.0, 8.0], [10.139758842669103, 89.16917599369376, -28.0, 8.0], [9.278563105983814, 90.16248719636084, -28.0, 8.0], [8.398894654929688, 91.06681654991198, -28.0, 8.0], [7.5058178343950175, 91.87274559969987, -28.0, 8.0], [6.56913121885976, 92.58910153287717, -28.0, 8.0], [5.559342624162946, 93.23391255236659, -28.0, 8.0], [4.482580257231472, 93.8115617271763, -28.0, 8.0], [3.344972324992237, 94.32643212631439, -28.0, 8.0], [2.152647034372146, 94.78290681878894, -28.0, 8.0], [0.9117325922980895, 95.18536887360807, -28.0, 8.0], [-0.3716427943030248, 95.53820135977983, -28.0, 8.0], [-1.6913509185043054, 95.84578734631239, -28.0, 8.0], [-3.0412635733788496, 96.11250990221376, -28.0, 8.0], [-4.415252551999752, 96.34275209649212, -28.0, 8.0], [-5.807189647440123, 96.54089699815552, -28.0, 8.0], [-7.210946652773055, 96.71132767621208, -28.0, 8.0], [-8.620395361071658, 96.85842719966992, -28.0, 8.0], [-10.029407565409024, 96.98657863753708, -28.0, 8.0], [-11.43185505885826, 97.10016505882167, -28.0, 8.0], [-12.821609634492452, 97.20356953253183, -28.0, 8.0], [-14.192543085384717, 97.30117512767562, -28.0, 8.0], [-15.538527204608156, 97.39736491326116, -28.0, 8.0], [-16.853433785235865, 97.49652195829651, -28.0, 8.0], [-18.17878730612398, 97.60866428558894, -28.0, 8.0], [-19.554147644222112, 97.73638894220119, -28.0, 8.0], [-20.970439689743603, 97.8729475335245, -28.0, 8.0], [-22.41858833290175, 98.01159166495017, -28.0, 8.0], [-23.889518463909894, 98.14557294186949, -28.0, 8.0], [-25.374154972981344, 98.26814296967376, -28.0, 8.0], [-26.863422750329413, 98.37255335375423, -28.0, 8.0], [-28.348246686167432, 98.45205569950221, -28.0, 8.0], [-29.819551670708712, 98.499901612309, -28.0, 8.0], [-31.268262594166593, 98.50934269756584, -28.0, 8.0], [-32.68530434675435, 98.47363056066405, -28.0, 8.0], [-34.061601818685354, 98.38601680699493, -28.0, 8.0], [-35.38807990017289, 98.23975304194974, -28.0, 8.0], [-36.655663481430295, 98.02809087091978, -28.0, 8.0], [-37.85527745267089, 97.74428189929631, -28.0, 8.0], [-38.977846704107975, 97.38157773247066, -28.0, 8.0], [-40.0142961259549, 96.93322997583412, -28.0, 8.0], [-40.95555060842496, 96.39249023477792, -28.0, 8.0], [-41.79253504173147, 95.75261011469337, -28.0, 8.0], [-42.545500905746074, 94.9937609750437, -28.0, 8.0], [-43.2409550371531, 94.1085186371698, -28.0, 8.0], [-43.87920536138501, 93.10874139927968, -28.0, 8.0], [-44.46055980387423, 92.00628755958125, -28.0, 8.0], [-44.9853262900532, 90.81301541628243, -28.0, 8.0], [-45.453812745354334, 89.54078326759117, -28.0, 8.0], [-45.86632709521008, 88.20144941171537, -28.0, 8.0], [-46.22317726505288, 86.80687214686301, -28.0, 8.0], [-46.52467118031517, 85.368909771242, -28.0, 8.0], [-46.77111676642937, 83.89942058306028, -28.0, 8.0], [-46.96282194882791, 82.41026288052578, -28.0, 8.0], [-47.10009465294324, 80.91329496184642, -28.0, 8.0], [-47.183242804207794, 79.42037512523017, -28.0, 8.0], [-47.212574328054004, 77.9433616688849, -28.0, 8.0], [-47.18839714991431, 76.49411289101863, -28.0, 8.0], [-47.11101919522112, 75.08448708983924, -28.0, 8.0], [-46.980748389406905, 73.7263425635547, -28.0, 8.0], [-46.797892657904086, 72.43153761037287, -28.0, 8.0], [-46.56275992614509, 71.21193052850177, -28.0, 8.0], [-46.21646708092889, 70.04894310529967, -28.0, 8.0], [-45.71285119666068, 68.91407134046551, -28.0, 8.0], [-45.07130048018226, 67.80428485071812, -28.0, 8.0], [-44.3112031383354, 66.71655325277632, -28.0, 8.0], [-43.451947377961886, 