{"control_nodes": [[-4.592425496802574e-15, -25.0, -28.0, 8.0], [0.0, 0.0, -28.0, 8.0], [0.43631016093208996, 24.996192378909782, -28.0, 8.0], [0.8726203218641799, 49.992384757819565, -28.0, 8.0], [11.831898991591116, 72.46223591529875, -28.0, 8.0], [4.106474132217432, 96.23864882267759, -28.0, 8.0], [21.156433133779895, 114.52249136315686, -28.0, 8.0], [42.1231973324155, 128.13846723853254, -28.0, 8.0], [60.70181796935036, 111.41020207956109, -28.0, 8.0], [59.39341906327676, 86.44446371069674, -28.0, 8.0], [55.052214621603504, 61.82426988539154, -28.0, 8.0], [50.71101017993025, 37.20407606008634, -28.0, 8.0]], "sample_nodes": [[0.0, 0.0, -28.0, 8.0], [0.012658656076029565, 1.3156790032662282, -28.0, 8.0], [0.02754370894935066, 2.6313385770619515, -28.0, 8.0], [0.044464324608766974, 3.9469803867703668, -28.0, 8.0], [0.06322966904308198, 5.262606097774648, -28.0, 8.0], [0.08364890824109937, 6.578217375457992, -28.0, 8.0], [0.10553120819162266, 7.893815885203578, -28.0, 8.0], [0.12868573488345536, 9.20940329239459, -28.0, 8.0], [0.15292165430540106, 10.524981262414212, -28.0, 8.0], [0.17804813244626355, 11.840551460645646, -28.0, 8.0], [0.20387433529484628, 13.156115552472063, -28.0, 8.0], [0.2302094288399526, 14.471675203276643, -28.0, 8.0], [0.2568625790703865, 15.78723207844259, -28.0, 8.0], [0.28364295197495115, 17.10278784335307, -28.0, 8.0], [0.31035971354245045, 18.418344163391282, -28.0, 8.0], [0.33682202976168785, 19.733902703940412, -28.0, 8.0], [0.36283906662146675, 21.049465130383634, -28.0, 8.0], [0.38821999011059116, 22.36503310810415, -28.0, 8.0], [0.41277396621786433, 23.68060830248514, -28.0, 8.0], [0.43631016093208996, 24.996192378909782, -28.0, 8.0], [0.44546619701859397, 26.315096376544908, -28.0, 8.0], [0.4300752880488626, 27.639893574288333, -28.0, 8.0], [0.3947399862209403, 28.969478997119772, -28.0, 8.0], [0.3440628437328708, 30.30274767001889, -28.0, 8.0], [0.2826464127826985, 31.638594617965406, -28.0, 8.0], [0.21509324556846715, 32.97591486593899, -28.0, 8.0], [0.14600589428822167, 34.31360343891935, -28.0, 8.0], [0.07998691114000533, 35.65055536188616, -28.0, 8.0], [0.021638848321862136, 36.98566565981914, -28.0, 8.0], [-0.024435741968163338, 38.31782935769796, -28.0, 8.0], [-0.05363430753202664, 39.64594148050231, -28.0, 8.0], [-0.06135429617168442, 40.968897053211904, -28.0, 8.0], [-0.0429931556890924, 42.2855911008064, -28.0, 8.0], [0.006051666113793902, 43.59491864826552, -28.0, 8.0], [0.09038272143501849, 44.89577472056895, -28.0, 8.0], [0.2146025624726246, 46.18705434269637, -28.0, 8.0], [0.3833137414246577, 47.467652539627494, -28.0, 8.0], [0.6011188104891614, 48.736464336341996, -28.0, 8.0], [0.8726203218641799, 49.992384757819565, -28.0, 8.0], [1.225403677033821, 51.23296275606606, -28.0, 8.0], [1.6754693115843369, 52.457601560443386, -28.0, 8.0], [2.2100423288669937, 53.66797761196544, -28.0, 8.0], [2.8163478322330504, 54.86576735164603, -28.0, 8.0], [3.4816109250337757, 56.05264722049904, -28.0, 8.0], [4.193056710620429, 57.23029365953829, -28.0, 8.0], [4.937910292344271, 58.400383109777636, -28.0, 8.0], [5.703396773556568, 59.56459201223093, -28.0, 8.0], [6.476741257608586, 60.724596807912036, -28.0, 8.0], [7.245168847851586, 61.88207393783479, -28.0, 8.0], [7.995904647636824, 63.038699843013035, -28.0, 8.0], [8.716173760315577, 64.19615096446063, -28.0, 8.0], [9.39320128923909, 65.3561037431914, -28.0, 8.0], [10.014212337758645, 66.52023462021923, -28.0, 8.0], [10.566432009225494, 67.69022003655795, -28.0, 8.0], [11.037085406990899, 68.86773643322141, -28.0, 8.0], [11.413397634406133, 70.05446025122346, -28.0, 8.0], [11.68259379482245, 71.25206793157798, -28.0, 8.0], [11.831898991591116, 72.46223591529875, -28.0, 8.0], [11.834095396713142, 73.68997395136553, -28.0, 8.0], [11.683154206661893, 74.93719161815355, -28.0, 8.0], [11.398084061497155, 76.20091510076989, -28.0, 8.0], [10.99789360127873, 77.47817058432167, -28.0, 8.0], [10.5015914660664, 78.76598425391595, -28.0, 8.0], [9.928186295919962, 80.06138229465986, -28.0, 8.0], [9.296686730899205, 81.36139089166053, -28.0, 8.0], [8.626101411063921, 82.66303623002499, -28.0, 8.0], [7.935438976473904, 83.96334449486038, -28.0, 8.0], [7.243708067188942, 85.2593418712738, -28.0, 8.0], [6.569917323268827, 86.54805454437239, -28.0, 8.0], [5.9330753847733515, 87.82650869926317, -28.0, 8.0], [5.35219089176231, 89.09173052105328, -28.0, 8.0], [4.84627248429549, 90.34074619484984, -28.0, 8.0], [4.434328802432684, 91.57058190575992, -28.0, 8.0], [4.135368486233683, 92.77826383889064, -28.0, 8.0], [3.9684001757582794, 93.96081817934908, -28.0, 8.0], [3.9524325110662657, 95.11527111224238, -28.0, 8.0], [4.106474132217432, 96.23864882267758, -28.0, 8.0], [4.413541017669938, 97.33680808153994, -28.0, 8.0], [4.837894614301855, 98.4178286764279, -28.0, 8.0], [5.370411764802853, 99.48207131751882, -28.0, 8.0], [6.001969311862591, 100.52989671498977, -28.0, 8.0], [6.72344409817074, 101.56166557901801, -28.0, 8.0], [7.525712966416961, 102.57773861978072, -28.0, 8.0], [8.399652759290916, 103.5784765474551, -28.0, 8.0], [9.33614031948227, 104.56424007221834, -28.0, 8.0], [10.326052489680698, 105.53538990424764, -28.0, 8.0], [11.360266112575859, 106.49228675372018, -28.0, 8.0], [12.429658030857409, 107.43529133081317, -28.0, 8.0], [13.525105087215032, 108.36476434570382, -28.0, 8.0], [14.637484124338364, 109.2810665085693, -28.0, 8.0], [15.757671984917097, 110.18455852958681, -28.0, 8.0], [16.87654551164089, 111.07560111893356, -28.0, 8.0], [17.984981547199393, 111.95455498678675, -28.0, 8.0], [19.073856934282286, 112.82178084332358, -28.0, 8.0], [20.134048515579234, 113.67763939872123, -28.0, 8.0], [21.156433133779895, 114.52249136315686, -28.0, 8.0], [22.17057116058219, 115.38918619623263, -28.0, 8.0], [23.210266627081918, 116.30284596928075, -28.0, 8.0], [24.272761865065615, 117.25224031007397, -28.0, 8.0], [25.355299206319764, 118.22613884638484, -28.0, 8.0], [26.455120982630902, 119.21331120598592, -28.0, 8.0], [27.56946952578553, 120.20252701664987, -28.0, 8.0], [28.695587167570146, 121.18255590614922, -28.0, 8.0], [29.830716239771277, 122.14216750225663, -28.0, 8.0], [30.972099074175432, 123.07013143274467, -28.0, 8.0], [32.11697800256912, 123.95521732538597, -28.0, 8.0], [33.262595356738835, 124.78619480795308, -28.0, 8.0], [34.40619346847113, 125.55183350821866, -28.0, 8.0], [35.545014669552465, 126.24090305395526, -28.0, 8.0], [36.676301291769384, 126.84217307293552, -28.0, 8.0], [37.79729566690838, 127.34441319293202, -28.0, 8.0], [38.90524012675599, 127.73639304171738, -28.0, 8.0], [39.997377003098705, 128.0068822470642, -28.0, 8.0], [41.07094862772304, 128.14465043674505, -28.0, 8.0], [42.1231973324155, 128.13846723853254, -28.0, 8.0], [43.183518732447, 127.98552957765847, -28.0, 8.0], [44.27804443165166, 127.6969673556466, -28.0, 8.0], [45.39912074466075, 127.28244966470771, -28.0, 8.0], [46.539093986105584, 126.75164559705252, -28.0, 8.0], [47.69031047061745, 126.11422424489174, -28.0, 8.0], [48.84511651282768, 125.37985470043614, -28.0, 8.0], [49.99585842736754, 124.55820605589638, -28.0, 8.0], [51.13488252886833, 123.65894740348323, -28.0, 8.0], [52.25453513196136, 122.69174783540737, -28.0, 8.0], [53.34716255127794, 121.66627644387958, -28.0, 8.0], [54.405111101449336, 120.59220232111059, -28.0, 8.0], [55.42072709710686, 119.47919455931103, -28.0, 8.0], [56.38635685288182, 118.33692225069171, -28.0, 8.0], [57.294346683405514, 117.17505448746336, -28.0, 8.0], [58.13704290330923, 116.00326036183667, -28.0, 8.0], [58.90679182722427, 114.83120896602237, -28.0, 8.0], [59.595939769781936, 113.66856939223118, -28.0, 8.0], [60.196833045613545, 112.52501073267385, -28.0, 8.0], [60.70181796935035, 111.41020207956107, -28.0, 8.0], [61.106637973825535, 110.29032005710164, -28.0, 8.0], [61.417053430198095, 109.12759793039328, -28.0, 8.0], [61.64043606058824, 107.92578975298032, -28.0, 8.0], [61.784157587116134, 106.68864957840705, -28.0, 8.0], [61.85558973190192, 